"","code","name","market"
"1","095570","AJ네트웍스","KOSPI"
"2","006840","AK홀딩스","KOSPI"
"3","027410","BGF","KOSPI"
"4","282330","BGF리테일","KOSPI"
"5","138930","BNK금융지주","KOSPI"
"6","001460","BYC","KOSPI"
"7","001040","CJ","KOSPI"
"8","079160","CJ CGV","KOSPI"
"9","000120","CJ대한통운","KOSPI"
"10","011150","CJ씨푸드","KOSPI"
"11","097950","CJ제일제당","KOSPI"
"12","000590","CS홀딩스","KOSPI"
"13","012030","DB","KOSPI"
"14","016610","DB금융투자","KOSPI"
"15","005830","DB손해보험","KOSPI"
"16","000990","DB하이텍","KOSPI"
"17","139130","DGB금융지주","KOSPI"
"18","004840","DRB동일","KOSPI"
"19","155660","DSR","KOSPI"
"20","069730","DSR제강","KOSPI"
"21","017940","E1","KOSPI"
"22","007700","F&F","KOSPI"
"23","114090","GKL","KOSPI"
"24","078930","GS","KOSPI"
"25","006360","GS건설","KOSPI"
"26","001250","GS글로벌","KOSPI"
"27","007070","GS리테일","KOSPI"
"28","012630","HDC","KOSPI"
"29","039570","HDC아이콘트롤스","KOSPI"
"30","089470","HDC현대EP","KOSPI"
"31","294870","HDC현대산업개발","KOSPI"
"32","011200","HMM","KOSPI"
"33","082740","HSD엔진","KOSPI"
"34","175330","JB금융지주","KOSPI"
"35","234080","JW생명과학","KOSPI"
"36","001060","JW중외제약","KOSPI"
"37","096760","JW홀딩스","KOSPI"
"38","105560","KB금융","KOSPI"
"39","009440","KC그린홀딩스","KOSPI"
"40","119650","KC코트렐","KOSPI"
"41","092220","KEC","KOSPI"
"42","016380","KG동부제철","KOSPI"
"43","001390","KG케미칼","KOSPI"
"44","001940","KISCO홀딩스","KOSPI"
"45","025000","KPX케미칼","KOSPI"
"46","092230","KPX홀딩스","KOSPI"
"47","000040","KR모터스","KOSPI"
"48","044450","KSS해운","KOSPI"
"49","030210","KTB투자증권","KOSPI"
"50","058850","KTcs","KOSPI"
"51","058860","KTis","KOSPI"
"52","093050","LF","KOSPI"
"53","003550","LG","KOSPI"
"54","034220","LG디스플레이","KOSPI"
"55","001120","LG상사","KOSPI"
"56","051900","LG생활건강","KOSPI"
"57","032640","LG유플러스","KOSPI"
"58","011070","LG이노텍","KOSPI"
"59","066570","LG전자","KOSPI"
"60","108670","LG하우시스","KOSPI"
"61","037560","LG헬로비전","KOSPI"
"62","051910","LG화학","KOSPI"
"63","079550","LIG넥스원","KOSPI"
"64","006260","LS","KOSPI"
"65","000680","LS네트웍스","KOSPI"
"66","229640","LS전선아시아","KOSPI"
"67","023150","MH에탄올","KOSPI"
"68","035420","NAVER","KOSPI"
"69","005940","NH투자증권","KOSPI"
"70","338100","NH프라임리츠","KOSPI"
"71","034310","NICE","KOSPI"
"72","008260","NI스틸","KOSPI"
"73","010060","OCI","KOSPI"
"74","100840","S&TC","KOSPI"
"75","064960","S&T모티브","KOSPI"
"76","003570","S&T중공업","KOSPI"
"77","036530","S&T홀딩스","KOSPI"
"78","010950","S-Oil","KOSPI"
"79","034120","SBS","KOSPI"
"80","101060","SBS미디어홀딩스","KOSPI"
"81","004060","SG세계물산","KOSPI"
"82","001380","SG충방","KOSPI"
"83","002360","SH에너지화학","KOSPI"
"84","009160","SIMPAC","KOSPI"
"85","034730","SK","KOSPI"
"86","011790","SKC","KOSPI"
"87","018670","SK가스","KOSPI"
"88","001740","SK네트웍스","KOSPI"
"89","006120","SK디스커버리","KOSPI"
"90","210980","SK디앤디","KOSPI"
"91","068400","SK렌터카","KOSPI"
"92","096770","SK이노베이션","KOSPI"
"93","001510","SK증권","KOSPI"
"94","285130","SK케미칼","KOSPI"
"95","017670","SK텔레콤","KOSPI"
"96","000660","SK하이닉스","KOSPI"
"97","005610","SPC삼립","KOSPI"
"98","011810","STX","KOSPI"
"99","077970","STX엔진","KOSPI"
"100","071970","STX중공업","KOSPI"
"101","002710","TCC스틸","KOSPI"
"102","024070","WISCOM","KOSPI"
"103","037270","YG PLUS","KOSPI"
"104","000500","가온전선","KOSPI"
"105","000860","강남제비스코","KOSPI"
"106","035250","강원랜드","KOSPI"
"107","011420","갤럭시아에스엠","KOSPI"
"108","002100","경농","KOSPI"
"109","009450","경동나비엔","KOSPI"
"110","267290","경동도시가스","KOSPI"
"111","012320","경동인베스트","KOSPI"
"112","000050","경방","KOSPI"
"113","214390","경보제약","KOSPI"
"114","012610","경인양행","KOSPI"
"115","009140","경인전자","KOSPI"
"116","013580","계룡건설산업","KOSPI"
"117","012200","계양전기","KOSPI"
"118","002140","고려산업","KOSPI"
"119","010130","고려아연","KOSPI"
"120","002240","고려제강","KOSPI"
"121","009290","광동제약","KOSPI"
"122","017040","광명전기","KOSPI"
"123","017900","광전자","KOSPI"
"124","037710","광주신세계","KOSPI"
"125","030610","교보증권","KOSPI"
"126","007690","국도화학","KOSPI"
"127","005320","국동","KOSPI"
"128","001140","국보","KOSPI"
"129","002720","국제약품","KOSPI"
"130","083420","그린케미칼","KOSPI"
"131","014530","극동유화","KOSPI"
"132","014280","금강공업","KOSPI"
"133","008870","금비","KOSPI"
"134","001570","금양","KOSPI"
"135","002990","금호산업","KOSPI"
"136","011780","금호석유화학","KOSPI"
"137","214330","금호에이치티","KOSPI"
"138","001210","금호전기","KOSPI"
"139","073240","금호타이어","KOSPI"
"140","092440","기신정기","KOSPI"
"141","000270","기아자동차","KOSPI"
"142","024110","기업은행","KOSPI"
"143","013700","까뮤이앤씨","KOSPI"
"144","004540","깨끗한나라","KOSPI"
"145","001260","남광토건","KOSPI"
"146","008350","남선알미늄","KOSPI"
"147","004270","남성","KOSPI"
"148","003920","남양유업","KOSPI"
"149","002070","남영비비안","KOSPI"
"150","025860","남해화학","KOSPI"
"151","005720","넥센","KOSPI"
"152","002350","넥센타이어","KOSPI"
"153","003580","넥스트사이언스","KOSPI"
"154","251270","넷마블","KOSPI"
"155","090350","노루페인트","KOSPI"
"156","000320","노루홀딩스","KOSPI"
"157","006280","녹십자","KOSPI"
"158","005250","녹십자홀딩스","KOSPI"
"159","004370","농심","KOSPI"
"160","072710","농심홀딩스","KOSPI"
"161","058730","다스코","KOSPI"
"162","023590","다우기술","KOSPI"
"163","019680","대교","KOSPI"
"164","006370","대구백화점","KOSPI"
"165","008060","대덕","KOSPI"
"166","353200","대덕전자","KOSPI"
"167","000490","대동공업","KOSPI"
"168","008110","대동전자","KOSPI"
"169","001880","대림건설","KOSPI"
"170","005750","대림비앤코","KOSPI"
"171","000210","대림산업","KOSPI"
"172","004440","대림씨엔에스","KOSPI"
"173","006570","대림통상","KOSPI"
"174","001680","대상","KOSPI"
"175","084690","대상홀딩스","KOSPI"
"176","128820","대성산업","KOSPI"
"177","117580","대성에너지","KOSPI"
"178","016710","대성홀딩스","KOSPI"
"179","003540","대신증권","KOSPI"
"180","009190","대양금속","KOSPI"
"181","014160","대영포장","KOSPI"
"182","047040","대우건설","KOSPI"
"183","009320","대우부품","KOSPI"
"184","042660","대우조선해양","KOSPI"
"185","003090","대웅","KOSPI"
"186","069620","대웅제약","KOSPI"
"187","000430","대원강업","KOSPI"
"188","006340","대원전선","KOSPI"
"189","003220","대원제약","KOSPI"
"190","024890","대원화성","KOSPI"
"191","002880","대유에이텍","KOSPI"
"192","000300","대유플러스","KOSPI"
"193","012800","대창","KOSPI"
"194","015230","대창단조","KOSPI"
"195","001070","대한방직","KOSPI"
"196","006650","대한유화","KOSPI"
"197","001440","대한전선","KOSPI"
"198","084010","대한제강","KOSPI"
"199","001790","대한제당","KOSPI"
"200","001130","대한제분","KOSPI"
"201","003490","대한항공","KOSPI"
"202","005880","대한해운","KOSPI"
"203","003830","대한화섬","KOSPI"
"204","016090","대현","KOSPI"
"205","069460","대호에이엘","KOSPI"
"206","192080","더블유게임즈","KOSPI"
"207","012510","더존비즈온","KOSPI"
"208","004830","덕성","KOSPI"
"209","024900","덕양산업","KOSPI"
"210","145720","덴티움","KOSPI"
"211","002150","도화엔지니어링","KOSPI"
"212","001230","동국제강","KOSPI"
"213","023450","동남합성","KOSPI"
"214","004140","동방","KOSPI"
"215","007590","동방아그로","KOSPI"
"216","005960","동부건설","KOSPI"
"217","026960","동서","KOSPI"
"218","002210","동성제약","KOSPI"
"219","102260","동성코퍼레이션","KOSPI"
"220","005190","동성화학","KOSPI"
"221","000640","동아쏘시오홀딩스","KOSPI"
"222","170900","동아에스티","KOSPI"
"223","028100","동아지질","KOSPI"
"224","282690","동아타이어","KOSPI"
"225","001520","동양","KOSPI"
"226","084670","동양고속","KOSPI"
"227","002900","동양물산기업","KOSPI"
"228","082640","동양생명","KOSPI"
"229","008970","동양철관","KOSPI"
"230","092780","동양피스톤","KOSPI"
"231","049770","동원F&B","KOSPI"
"232","018500","동원금속","KOSPI"
"233","006040","동원산업","KOSPI"
"234","030720","동원수산","KOSPI"
"235","014820","동원시스템즈","KOSPI"
"236","163560","동일고무벨트","KOSPI"
"237","004890","동일산업","KOSPI"
"238","002690","동일제강","KOSPI"
"239","000020","동화약품","KOSPI"
"240","000150","두산","KOSPI"
"241","241560","두산밥캣","KOSPI"
"242","336370","두산솔루스","KOSPI"
"243","042670","두산인프라코어","KOSPI"
"244","034020","두산중공업","KOSPI"
"245","336260","두산퓨얼셀","KOSPI"
"246","016740","두올","KOSPI"
"247","192650","드림텍","KOSPI"
"248","024090","디씨엠","KOSPI"
"249","003160","디아이","KOSPI"
"250","001530","디아이동일","KOSPI"
"251","092200","디아이씨","KOSPI"
"252","013570","디와이","KOSPI"
"253","210540","디와이파워","KOSPI"
"254","007340","디티알오토모티브","KOSPI"
"255","026890","디피씨","KOSPI"
"256","115390","락앤락","KOSPI"
"257","032350","롯데관광개발","KOSPI"
"258","330590","롯데리츠","KOSPI"
"259","000400","롯데손해보험","KOSPI"
"260","023530","롯데쇼핑","KOSPI"
"261","004000","롯데정밀화학","KOSPI"
"262","286940","롯데정보통신","KOSPI"
"263","280360","롯데제과","KOSPI"
"264","004990","롯데지주","KOSPI"
"265","005300","롯데칠성음료","KOSPI"
"266","011170","롯데케미칼","KOSPI"
"267","002270","롯데푸드","KOSPI"
"268","071840","롯데하이마트","KOSPI"
"269","027740","마니커","KOSPI"
"270","204320","만도","KOSPI"
"271","001080","만호제강","KOSPI"
"272","088980","맥쿼리인프라","KOSPI"
"273","094800","맵스리얼티1","KOSPI"
"274","138040","메리츠금융지주","KOSPI"
"275","008560","메리츠증권","KOSPI"
"276","000060","메리츠화재","KOSPI"
"277","090370","메타랩스","KOSPI"
"278","017180","명문제약","KOSPI"
"279","012690","모나리자","KOSPI"
"280","005360","모나미","KOSPI"
"281","204210","모두투어리츠","KOSPI"
"282","009680","모토닉","KOSPI"
"283","009580","무림P&P","KOSPI"
"284","009200","무림페이퍼","KOSPI"
"285","033920","무학","KOSPI"
"286","008420","문배철강","KOSPI"
"287","025560","미래산업","KOSPI"
"288","007120","미래아이앤지","KOSPI"
"289","006800","미래에셋대우","KOSPI"
"290","085620","미래에셋생명","KOSPI"
"291","002840","미원상사","KOSPI"
"292","268280","미원에스씨","KOSPI"
"293","107590","미원홀딩스","KOSPI"
"294","134380","미원화학","KOSPI"
"295","003650","미창석유공업","KOSPI"
"296","155900","바다로19호","KOSPI"
"297","003610","방림","KOSPI"
"298","001340","백광산업","KOSPI"
"299","035150","백산","KOSPI"
"300","002410","범양건영","KOSPI"
"301","096300","베트남개발1","KOSPI"
"302","007210","벽산","KOSPI"
"303","002760","보락","KOSPI"
"304","003850","보령제약","KOSPI"
"305","000890","보해양조","KOSPI"
"306","003000","부광약품","KOSPI"
"307","001270","부국증권","KOSPI"
"308","026940","부국철강","KOSPI"
"309","015350","부산도시가스","KOSPI"
"310","011390","부산산업","KOSPI"
"311","005030","부산주공","KOSPI"
"312","100220","비상교육","KOSPI"
"313","030790","비케이탑스","KOSPI"
"314","101140","비티원","KOSPI"
"315","005180","빙그레","KOSPI"
"316","003960","사조대림","KOSPI"
"317","008040","사조동아원","KOSPI"
"318","007160","사조산업","KOSPI"
"319","014710","사조씨푸드","KOSPI"
"320","006090","사조오양","KOSPI"
"321","005090","삼광글라스","KOSPI"
"322","001470","삼부토건","KOSPI"
"323","006400","삼성SDI","KOSPI"
"324","006660","삼성공조","KOSPI"
"325","028260","삼성물산","KOSPI"
"326","207940","삼성바이오로직스","KOSPI"
"327","032830","삼성생명","KOSPI"
"328","018260","삼성에스디에스","KOSPI"
"329","028050","삼성엔지니어링","KOSPI"
"330","009150","삼성전기","KOSPI"
"331","005930","삼성전자","KOSPI"
"332","001360","삼성제약","KOSPI"
"333","010140","삼성중공업","KOSPI"
"334","016360","삼성증권","KOSPI"
"335","068290","삼성출판사","KOSPI"
"336","029780","삼성카드","KOSPI"
"337","000810","삼성화재해상보험","KOSPI"
"338","006110","삼아알미늄","KOSPI"
"339","145990","삼양사","KOSPI"
"340","003230","삼양식품","KOSPI"
"341","002170","삼양통상","KOSPI"
"342","272550","삼양패키징","KOSPI"
"343","000070","삼양홀딩스","KOSPI"
"344","002810","삼영무역","KOSPI"
"345","005680","삼영전자공업","KOSPI"
"346","003720","삼영화학공업","KOSPI"
"347","023000","삼원강재","KOSPI"
"348","004380","삼익THK","KOSPI"
"349","002450","삼익악기","KOSPI"
"350","000520","삼일제약","KOSPI"
"351","009770","삼정펄프","KOSPI"
"352","005500","삼진제약","KOSPI"
"353","004690","삼천리","KOSPI"
"354","010960","삼호개발","KOSPI"
"355","004450","삼화왕관","KOSPI"
"356","009470","삼화전기","KOSPI"
"357","011230","삼화전자공업","KOSPI"
"358","001820","삼화콘덴서공업","KOSPI"
"359","000390","삼화페인트공업","KOSPI"
"360","001290","상상인증권","KOSPI"
"361","041650","상신브레이크","KOSPI"
"362","075180","새론오토모티브","KOSPI"
"363","007540","샘표","KOSPI"
"364","248170","샘표식품","KOSPI"
"365","007860","서연","KOSPI"
"366","200880","서연이화","KOSPI"
"367","017390","서울도시가스","KOSPI"
"368","004410","서울식품공업","KOSPI"
"369","021050","서원","KOSPI"
"370","008490","서흥","KOSPI"
"371","007610","선도전기","KOSPI"
"372","136490","선진","KOSPI"
"373","002820","선창산업","KOSPI"
"374","014910","성문전자","KOSPI"
"375","003080","성보화학","KOSPI"
"376","004980","성신양회","KOSPI"
"377","011300","성안","KOSPI"
"378","000180","성창기업지주","KOSPI"
"379","002420","세기상사","KOSPI"
"380","004360","세방","KOSPI"
"381","004490","세방전지","KOSPI"
"382","001430","세아베스틸","KOSPI"
"383","306200","세아제강","KOSPI"
"384","003030","세아제강지주","KOSPI"
"385","019440","세아특수강","KOSPI"
"386","058650","세아홀딩스","KOSPI"
"387","013000","세우글로벌","KOSPI"
"388","091090","세원셀론텍","KOSPI"
"389","021820","세원정공","KOSPI"
"390","067830","세이브존I&C","KOSPI"
"391","033530","세종공업","KOSPI"
"392","075580","세진중공업","KOSPI"
"393","027970","세하","KOSPI"
"394","145210","세화아이엠씨","KOSPI"
"395","308170","센트랄모텍","KOSPI"
"396","068270","셀트리온","KOSPI"
"397","004430","송원산업","KOSPI"
"398","017550","수산중공업","KOSPI"
"399","134790","시디즈","KOSPI"
"400","016590","신대양제지","KOSPI"
"401","029530","신도리코","KOSPI"
"402","004970","신라교역","KOSPI"
"403","011930","신성이엔지","KOSPI"
"404","005390","신성통상","KOSPI"
"405","004170","신세계","KOSPI"
"406","035510","신세계I&C","KOSPI"
"407","034300","신세계건설","KOSPI"
"408","031430","신세계인터내셔날","KOSPI"
"409","031440","신세계푸드","KOSPI"
"410","006880","신송홀딩스","KOSPI"
"411","005800","신영와코루","KOSPI"
"412","001720","신영증권","KOSPI"
"413","009270","신원","KOSPI"
"414","002700","신일전자","KOSPI"
"415","019170","신풍제약","KOSPI"
"416","002870","신풍제지","KOSPI"
"417","293940","신한알파리츠","KOSPI"
"418","055550","신한지주","KOSPI"
"419","001770","신화실업","KOSPI"
"420","004080","신흥","KOSPI"
"421","102280","쌍방울","KOSPI"
"422","003410","쌍용양회공업","KOSPI"
"423","003620","쌍용자동차","KOSPI"
"424","004770","써니전자","KOSPI"
"425","015540","쎌마테라퓨틱스","KOSPI"
"426","004920","씨아이테크","KOSPI"
"427","112610","씨에스윈드","KOSPI"
"428","008700","아남전자","KOSPI"
"429","090430","아모레퍼시픽","KOSPI"
"430","002790","아모레퍼시픽그룹","KOSPI"
"431","002030","아세아","KOSPI"
"432","183190","아세아시멘트","KOSPI"
"433","002310","아세아제지","KOSPI"
"434","267850","아시아나IDT","KOSPI"
"435","020560","아시아나항공","KOSPI"
"436","122900","아이마켓코리아","KOSPI"
"437","010780","아이에스동서","KOSPI"
"438","003560","아이에이치큐","KOSPI"
"439","033660","아주캐피탈","KOSPI"
"440","001780","알루코","KOSPI"
"441","018250","애경산업","KOSPI"
"442","161000","애경유화","KOSPI"
"443","011090","에넥스","KOSPI"
"444","005850","에스엘","KOSPI"
"445","012750","에스원","KOSPI"
"446","123700","에스제이엠","KOSPI"
"447","025530","에스제이엠홀딩스","KOSPI"
"448","326030","에스케이바이오팜","KOSPI"
"449","023960","에쓰씨엔지니어링","KOSPI"
"450","298690","에어부산","KOSPI"
"451","140910","에이리츠","KOSPI"
"452","078520","에이블씨엔씨","KOSPI"
"453","015260","에이엔피","KOSPI"
"454","007460","에이프로젠 KIC","KOSPI"
"455","003060","에이프로젠제약","KOSPI"
"456","036570","엔씨소프트","KOSPI"
"457","138250","엔에스쇼핑","KOSPI"
"458","181710","엔에이치엔","KOSPI"
"459","085310","엔케이","KOSPI"
"460","009810","엔케이물산","KOSPI"
"461","004250","엔피씨","KOSPI"
"462","900140","엘브이엠씨","KOSPI"
"463","010120","엘에스일렉트릭","KOSPI"
"464","014440","영보화학","KOSPI"
"465","111770","영원무역","KOSPI"
"466","009970","영원무역홀딩스","KOSPI"
"467","003520","영진약품","KOSPI"
"468","000670","영풍","KOSPI"
"469","006740","영풍제지","KOSPI"
"470","012280","영화금속","KOSPI"
"471","012160","영흥","KOSPI"
"472","015360","예스코홀딩스","KOSPI"
"473","007310","오뚜기","KOSPI"
"474","002630","오리엔트바이오","KOSPI"
"475","271560","오리온","KOSPI"
"476","001800","오리온홀딩스","KOSPI"
"477","070960","용평리조트","KOSPI"
"478","316140","우리금융지주","KOSPI"
"479","004720","우리들제약","KOSPI"
"480","118000","우리들휴브레인","KOSPI"
"481","010050","우리종금","KOSPI"
"482","006980","우성사료","KOSPI"
"483","017370","우신시스템","KOSPI"
"484","105840","우진","KOSPI"
"485","010400","우진아이엔에스","KOSPI"
"486","049800","우진플라임","KOSPI"
"487","016880","웅진","KOSPI"
"488","095720","웅진씽크빅","KOSPI"
"489","005820","원림","KOSPI"
"490","010600","웰바이오텍","KOSPI"
"491","008600","윌비스","KOSPI"
"492","033270","유나이티드","KOSPI"
"493","014830","유니드","KOSPI"
"494","000910","유니온","KOSPI"
"495","047400","유니온머티리얼","KOSPI"
"496","011330","유니켐","KOSPI"
"497","077500","유니퀘스트","KOSPI"
"498","002920","유성기업","KOSPI"
"499","000700","유수홀딩스","KOSPI"
"500","003470","유안타증권","KOSPI"
"501","011690","유양디앤유","KOSPI"
"502","072130","유엔젤","KOSPI"
"503","000220","유유제약","KOSPI"
"504","001200","유진증권","KOSPI"
"505","000100","유한양행","KOSPI"
"506","003460","유화증권","KOSPI"
"507","008730","율촌화학","KOSPI"
"508","008250","이건산업","KOSPI"
"509","025820","이구산업","KOSPI"
"510","214320","이노션","KOSPI"
"511","088260","이리츠코크렙","KOSPI"
"512","139480","이마트","KOSPI"
"513","007660","이수페타시스","KOSPI"
"514","005950","이수화학","KOSPI"
"515","015020","이스타코","KOSPI"
"516","093230","이아이디","KOSPI"
"517","074610","이엔플러스","KOSPI"
"518","102460","이연제약","KOSPI"
"519","084680","이월드","KOSPI"
"520","334890","이지스밸류플러스리츠","KOSPI"
"521","000760","이화산업","KOSPI"
"522","014990","인디에프","KOSPI"
"523","006490","인스코비","KOSPI"
"524","023800","인지컨트롤스","KOSPI"
"525","034590","인천도시가스","KOSPI"
"526","129260","인터지스","KOSPI"
"527","023810","인팩","KOSPI"
"528","249420","일동제약","KOSPI"
"529","000230","일동홀딩스","KOSPI"
"530","013360","일성건설","KOSPI"
"531","003120","일성신약","KOSPI"
"532","003200","일신방직","KOSPI"
"533","007110","일신석재","KOSPI"
"534","007570","일양약품","KOSPI"
"535","008500","일정실업","KOSPI"
"536","081000","일진다이아","KOSPI"
"537","020760","일진디스플","KOSPI"
"538","020150","일진머티리얼즈","KOSPI"
"539","103590","일진전기","KOSPI"
"540","015860","일진홀딩스","KOSPI"
"541","226320","잇츠한불","KOSPI"
"542","317400","자이에스앤디","KOSPI"
"543","033240","자화전자","KOSPI"
"544","000950","전방","KOSPI"
"545","194370","제이에스코퍼레이션","KOSPI"
"546","025620","제이준코스메틱","KOSPI"
"547","036420","제이콘텐트리","KOSPI"
"548","030000","제일기획","KOSPI"
"549","271980","제일약품","KOSPI"
"550","001560","제일연마","KOSPI"
"551","002620","제일파마홀딩스","KOSPI"
"552","006220","제주은행","KOSPI"
"553","089590","제주항공","KOSPI"
"554","004910","조광페인트","KOSPI"
"555","004700","조광피혁","KOSPI"
"556","001550","조비","KOSPI"
"557","000480","조선내화","KOSPI"
"558","120030","조선선재","KOSPI"
"559","018470","조일알미늄","KOSPI"
"560","002600","조흥","KOSPI"
"561","185750","종근당","KOSPI"
"562","063160","종근당바이오","KOSPI"
"563","001630","종근당홀딩스","KOSPI"
"564","044380","주연테크","KOSPI"
"565","013890","지누스","KOSPI"
"566","013870","지엠비코리아","KOSPI"
"567","071320","지역난방공사","KOSPI"
"568","010580","지코","KOSPI"
"569","035000","지투알","KOSPI"
"570","088790","진도","KOSPI"
"571","003780","진양산업","KOSPI"
"572","010640","진양폴리우레탄","KOSPI"
"573","100250","진양홀딩스","KOSPI"
"574","051630","진양화학","KOSPI"
"575","272450","진에어","KOSPI"
"576","011000","진원생명과학","KOSPI"
"577","002780","진흥기업","KOSPI"
"578","009310","참엔지니어링","KOSPI"
"579","000650","천일고속","KOSPI"
"580","012600","청호컴넷","KOSPI"
"581","033250","체시스","KOSPI"
"582","035720","카카오","KOSPI"
"583","006380","카프로","KOSPI"
"584","109070","컨버즈","KOSPI"
"585","001620","케이비아이동국실업","KOSPI"
"586","029460","케이씨","KOSPI"
"587","002380","케이씨씨","KOSPI"
"588","344820","케이씨씨글라스","KOSPI"
"589","281820","케이씨텍","KOSPI"
"590","009070","케이씨티시","KOSPI"
"591","145270","케이탑리츠","KOSPI"
"592","030200","케이티","KOSPI"
"593","053210","케이티스카이라이프","KOSPI"
"594","033780","케이티앤지","KOSPI"
"595","007810","코리아써키트","KOSPI"
"596","152330","코리아오토글라스","KOSPI"
"597","003690","코리안리","KOSPI"
"598","192820","코스맥스","KOSPI"
"599","044820","코스맥스비티아이","KOSPI"
"600","005070","코스모신소재","KOSPI"
"601","005420","코스모화학","KOSPI"
"602","071950","코아스","KOSPI"
"603","002020","코오롱","KOSPI"
"604","003070","코오롱글로벌","KOSPI"
"605","144620","코오롱머티리얼","KOSPI"
"606","120110","코오롱인더","KOSPI"
"607","138490","코오롱플라스틱","KOSPI"
"608","021240","코웨이","KOSPI"
"609","031820","콤텍시스템","KOSPI"
"610","192400","쿠쿠홀딩스","KOSPI"
"611","284740","쿠쿠홈시스","KOSPI"
"612","015590","큐로","KOSPI"
"613","264900","크라운제과","KOSPI"
"614","005740","크라운해태홀딩스","KOSPI"
"615","020120","키다리스튜디오","KOSPI"
"616","039490","키움증권","KOSPI"
"617","012170","키위미디어그룹","KOSPI"
"618","014580","태경비케이","KOSPI"
"619","015890","태경산업","KOSPI"
"620","006890","태경케미컬","KOSPI"
"621","003240","태광산업","KOSPI"
"622","011280","태림포장","KOSPI"
"623","004100","태양금속공업","KOSPI"
"624","009410","태영건설","KOSPI"
"625","001420","태원물산","KOSPI"
"626","007980","태평양물산","KOSPI"
"627","055490","테이팩스","KOSPI"
"628","078000","텔코웨어","KOSPI"
"629","214420","토니모리","KOSPI"
"630","084870","티비에이치글로벌","KOSPI"
"631","019180","티에이치엔","KOSPI"
"632","091810","티웨이항공","KOSPI"
"633","004870","티웨이홀딩스","KOSPI"
"634","005690","파미셀","KOSPI"
"635","036580","팜스코","KOSPI"
"636","028670","팬오션","KOSPI"
"637","010820","퍼스텍","KOSPI"
"638","016800","퍼시스","KOSPI"
"639","001020","페이퍼코리아","KOSPI"
"640","090080","평화산업","KOSPI"
"641","010770","평화홀딩스","KOSPI"
"642","005490","포스코","KOSPI"
"643","058430","포스코강판","KOSPI"
"644","047050","포스코인터내셔널","KOSPI"
"645","003670","포스코케미칼","KOSPI"
"646","007630","폴루스바이오팜","KOSPI"
"647","017810","풀무원","KOSPI"
"648","103140","풍산","KOSPI"
"649","005810","풍산홀딩스","KOSPI"
"650","033180","필룩스","KOSPI"
"651","086790","하나금융지주","KOSPI"
"652","293480","하나제약","KOSPI"
"653","039130","하나투어","KOSPI"
"654","172580","하이골드12호","KOSPI"
"655","153360","하이골드3호","KOSPI"
"656","071090","하이스틸","KOSPI"
"657","019490","하이트론씨스템즈","KOSPI"
"658","000080","하이트진로","KOSPI"
"659","000140","하이트진로홀딩스","KOSPI"
"660","152550","한국ANKOR유전","KOSPI"
"661","036460","한국가스공사","KOSPI"
"662","005430","한국공항","KOSPI"
"663","071050","한국금융지주","KOSPI"
"664","010040","한국내화","KOSPI"
"665","025540","한국단자공업","KOSPI"
"666","004090","한국석유공업","KOSPI"
"667","002200","한국수출포장공업","KOSPI"
"668","002960","한국쉘석유","KOSPI"
"669","123890","한국자산신탁","KOSPI"
"670","015760","한국전력공사","KOSPI"
"671","006200","한국전자홀딩스","KOSPI"
"672","009540","한국조선해양","KOSPI"
"673","023350","한국종합기술","KOSPI"
"674","025890","한국주강","KOSPI"
"675","000970","한국주철관공업","KOSPI"
"676","104700","한국철강","KOSPI"
"677","017960","한국카본","KOSPI"
"678","161890","한국콜마","KOSPI"
"679","024720","한국콜마홀딩스","KOSPI"
"680","161390","한국타이어앤테크놀로지","KOSPI"
"681","000240","한국테크놀로지그룹","KOSPI"
"682","034830","한국토지신탁","KOSPI"
"683","007280","한국특수형강","KOSPI"
"684","168490","한국패러랠","KOSPI"
"685","010100","한국프랜지공업","KOSPI"
"686","047810","한국항공우주","KOSPI"
"687","123690","한국화장품","KOSPI"
"688","003350","한국화장품제조","KOSPI"
"689","011500","한농화성","KOSPI"
"690","002390","한독","KOSPI"
"691","014790","한라","KOSPI"
"692","060980","한라홀딩스","KOSPI"
"693","053690","한미글로벌","KOSPI"
"694","042700","한미반도체","KOSPI"
"695","008930","한미사이언스","KOSPI"
"696","128940","한미약품","KOSPI"
"697","009240","한샘","KOSPI"
"698","020000","한섬","KOSPI"
"699","003680","한성기업","KOSPI"
"700","105630","한세실업","KOSPI"
"701","069640","한세엠케이","KOSPI"
"702","016450","한세예스24홀딩스","KOSPI"
"703","009180","한솔로지스틱스","KOSPI"
"704","213500","한솔제지","KOSPI"
"705","014680","한솔케미칼","KOSPI"
"706","004710","한솔테크닉스","KOSPI"
"707","010420","한솔피엔에스","KOSPI"
"708","004150","한솔홀딩스","KOSPI"
"709","025750","한솔홈데코","KOSPI"
"710","004960","한신공영","KOSPI"
"711","011700","한신기계공업","KOSPI"
"712","001750","한양증권","KOSPI"
"713","018880","한온시스템","KOSPI"
"714","009420","한올바이오파마","KOSPI"
"715","014130","한익스프레스","KOSPI"
"716","300720","한일시멘트","KOSPI"
"717","002220","한일철강","KOSPI"
"718","006390","한일현대시멘트","KOSPI"
"719","003300","한일홀딩스","KOSPI"
"720","051600","한전KPS","KOSPI"
"721","052690","한전기술","KOSPI"
"722","130660","한전산업","KOSPI"
"723","002320","한진","KOSPI"
"724","097230","한진중공업","KOSPI"
"725","003480","한진중공업홀딩스","KOSPI"
"726","180640","한진칼","KOSPI"
"727","005110","한창","KOSPI"
"728","009460","한창제지","KOSPI"
"729","000880","한화","KOSPI"
"730","088350","한화생명","KOSPI"
"731","000370","한화손해보험","KOSPI"
"732","009830","한화솔루션","KOSPI"
"733","272210","한화시스템","KOSPI"
"734","012450","한화에어로스페이스","KOSPI"
"735","003530","한화투자증권","KOSPI"
"736","195870","해성디에스","KOSPI"
"737","101530","해태제과식품","KOSPI"
"738","143210","핸즈코퍼레이션","KOSPI"
"739","000720","현대건설","KOSPI"
"740","267270","현대건설기계","KOSPI"
"741","005440","현대그린푸드","KOSPI"
"742","086280","현대글로비스","KOSPI"
"743","064350","현대로템","KOSPI"
"744","079430","현대리바트","KOSPI"
"745","012330","현대모비스","KOSPI"
"746","010620","현대미포조선","KOSPI"
"747","069960","현대백화점","KOSPI"
"748","004560","현대비앤지스틸","KOSPI"
"749","004310","현대약품","KOSPI"
"750","322000","현대에너지솔루션","KOSPI"
"751","126560","현대에이치씨엔","KOSPI"
"752","017800","현대엘리베이터","KOSPI"
"753","307950","현대오토에버","KOSPI"
"754","011210","현대위아","KOSPI"
"755","267260","현대일렉트릭","KOSPI"
"756","005380","현대자동차","KOSPI"
"757","004020","현대제철","KOSPI"
"758","011760","현대종합상사","KOSPI"
"759","267250","현대중공업지주","KOSPI"
"760","001500","현대차증권","KOSPI"
"761","227840","현대코퍼레이션홀딩스","KOSPI"
"762","001450","현대해상","KOSPI"
"763","057050","현대홈쇼핑","KOSPI"
"764","093240","형지엘리트","KOSPI"
"765","003010","혜인","KOSPI"
"766","111110","호전실업","KOSPI"
"767","008770","호텔신라","KOSPI"
"768","002460","화성산업","KOSPI"
"769","013520","화승알앤에이","KOSPI"
"770","241590","화승엔터프라이즈","KOSPI"
"771","006060","화승인더스트리","KOSPI"
"772","010690","화신","KOSPI"
"773","133820","화인베스틸","KOSPI"
"774","010660","화천기계","KOSPI"
"775","000850","화천기공","KOSPI"
"776","016580","환인제약","KOSPI"
"777","032560","황금에스티","KOSPI"
"778","004800","효성","KOSPI"
"779","094280","효성 ITX","KOSPI"
"780","298040","효성중공업","KOSPI"
"781","298050","효성첨단소재","KOSPI"
"782","298020","효성티앤씨","KOSPI"
"783","298000","효성화학","KOSPI"
"784","093370","후성","KOSPI"
"785","081660","휠라홀딩스","KOSPI"
"786","005870","휴니드테크놀러지스","KOSPI"
"787","079980","휴비스","KOSPI"
"788","005010","휴스틸","KOSPI"
"789","069260","휴켐스","KOSPI"
"790","000540","흥국화재","KOSPI"
"791","003280","흥아해운","KOSPI"
